retailer,address,lon,lat
Dillard's,"1627 Opelika Rd Suite 16 Auburn, Alabama 36830",-85.44819489999999,32.627776
Dillard's,"3000 Eastdale Mall Montgomery, Alabama 36117",-86.204292,32.384903
Dillard's,"900 Commons Dr Suite 100 Dothan, Alabama 36303",-85.42378160000001,31.2521689
Dillard's,"301 Coxcreek Pkwy Ste #1100 Florence, Alabama 35630",-87.63514889999999,34.8378102
Dillard's,"2801 Memorial Parkway Sw Huntsville, Alabama 35801",-86.5872266,34.7072982
Dillard's,"3300 Bel Air Mall Mobile, Alabama 36606",-88.1238376,30.6740467
Dillard's,"10101 Eastern Shore Blvd Spanish Fort, Alabama 36527",-87.84899,30.66715159999999
Dillard's,"7310 Eastchase Parkway Montgomery, Alabama 36117",-86.16420749999999,32.35799
Dillard's,"700 Quintard Dr Oxford, Alabama 36203",-85.8235423,33.6135109
Dillard's,"1435 West Southern Ave Mesa, Arizona 85202",-111.8617503,33.3895624
Dillard's,"10002 Metro Parkway East Phoenix, Arizona 85051",-112.1185018,33.5764074
Dillard's,"1117 N. Promenade Pky Casa Grande, Arizona 85194",-111.6850989,32.8839574
Dillard's,"4700 Us Highway 89 North Flagstaff, Arizona 86004",-111.5805517,35.2227605
Dillard's,"1461 South Yuma Palms Parkway Yuma, Arizona 85365",-114.6016783,32.7013486
Dillard's,"5501 Highway 95 North Lake Havasu City, Arizona 86404",-114.3673836,34.5669719
Dillard's,"3101 West Chandler Blvd Chandler, Arizona 85226",-111.8965833,33.3028328
Dillard's,"2151 S. San Tan Village Pky Gilbert, Arizona 85296",-111.7448841,33.3109797
Dillard's,"7800 W. Arrowhead Towne Center Glendale, Arizona 85308",-112.2278761,33.6421369
Dillard's,"6545 E. Southern Ave Mesa, Arizona 85206",-111.6881698,33.389891
Dillard's,"4610 East Cactus Road Phoenix, Arizona 85032",-111.9822083,33.5993601
Dillard's,"7621 West Thomas Road Phoenix, Arizona 85033",-112.223854,33.478264
Dillard's,"6900 East Camelback Road Scottsdale, Arizona 85251",-111.9320913,33.5026882
Dillard's,"3100 Gateway Boulevard Prescott, Arizona 86303",-112.4102485,34.5491669
Dillard's,"3800 El Mercado Loop Sierra Vista, Arizona 85635",-110.2597776,31.53064779999999
Dillard's,"5890 East Broadway Blvd Tucson, Arizona 85711",-110.8647,32.218687
Dillard's,"4550 North Oracle Rd Tucson, Arizona 85705",-110.9749137,32.2899017
Dillard's,"5111 Rogers Avenue Fort Smith, Arkansas 72903",-94.37511599999999,35.366924
Dillard's,"4501 Central Ave Suite 102 Hot Springs, Arkansas 71913",-93.0793791,34.4485933
Dillard's,"3000 E. Highland Jonesboro, Arkansas 72401",-90.6645571,35.823099
Dillard's,"6000 W. Markham Little Rock, Arkansas 72205",-92.34281179999999,34.75336240000001
Dillard's,"3929 Mc Cain Blvd. North Little Rock, Arkansas 72116",-92.2266192,34.792947
Dillard's,"4201 N Shiloh Fayetteville, Arkansas 72703",-94.1478576,36.128083
Dillard's,"2101 Promenade Blvd Rogers, Arkansas 72758",-94.17573399999999,36.3057803
Dillard's,"2901 Pine Mall Drive Pine Bluff, Arkansas 71601",-91.9682768,34.2087196
Dillard's,"3451 South Dogwood Ave El Centro, California 92243",-115.5307291,32.7622302
Dillard's,"1255 Rancho Vista Blvd Palmdale, California 93551",-118.1537066,34.6023202
Dillard's,"4950 Pacific Avenue Stockton, California 95207",-121.3121613,37.9947989
Dillard's,"1790 Briargate Blvd Colorado Springs, Colorado 80920",-104.7940473,38.9450984
Dillard's,"760 Citadel Drive East Colorado Springs, Colorado 80909",-104.7610261,38.8436299
Dillard's,"14200 East Alameda Ave Aurora, Colorado 80012",-104.823209,39.7082577
Dillard's,"41 W Flatiron Cir Broomfield, Colorado 80021",-105.130979,39.9325021
Dillard's,"8415 Park Meadows Center Dr. Littleton, Colorado 80124",-104.876195,39.5593544
Dillard's,"8501 W Bowles Ste 2d657 Littleton, Colorado 80123",-105.097729,39.611843
Dillard's,"3601 Dillon Dr Pueblo, Colorado 81008",-104.6085665,38.3048469
Dillard's,"200 University Town Center Sarasota, Florida 34243",-82.4539568,27.3820766
Dillard's,"801 N Congress Av Boynton Beach, Florida 33426",-80.0957433,26.5356804
Dillard's,"9501 Arlington Expressway Jacksonville, Florida 32225",-81.5510726,30.3234161
Dillard's,"2201 University Square Mall Tampa, Florida 33612",-82.4347081,28.0561423
Dillard's,"1700 W International Speedway Daytona Beach, Florida 32114",-81.06362159999999,29.196837
Dillard's,"2500 East Sunrise Blvd. Ft. Lauderdale, Florida 33304",-80.112674,26.1364899
Dillard's,"11945 Pines Blvd Pembroke Pines, Florida 33026",-80.30618199999999,26.009321
Dillard's,"8000 W Broward Blvd Ste 150 Plantation, Florida 33388",-80.2563514,26.1181778
Dillard's,"6495 West Newberry Road Gainesville, Florida 32605",-82.41205149999999,29.6587837
Dillard's,"4755 Town Crossing Drive Jacksonville, Florida 32246",-81.5266202,30.2560599
Dillard's,"10300 Southside Blvd. Jacksonville, Florida 32256",-81.5540089,30.1845197
Dillard's,"1910 Wells Road Orange Park, Florida 32073",-81.735419,30.1858113
Dillard's,"3210 N.w. Federal Hwy Jensen Beach, Florida 34957",-80.276397,27.241949
Dillard's,"100 Eagle Ridge Dr Lake Wales, Florida 33859",-81.6165673,27.9525472
Dillard's,"3800 Us Highway 98 North Lakeland, Florida 33809",-81.977516,28.0902119
Dillard's,"1700 W. New Haven Ave. Melbourne, Florida 32904",-80.6498598,28.081342
Dillard's,"777 E Merritt Island Causeway Merritt Island, Florida 32952",-80.6866119,28.3544113
Dillard's,"300 Mary Esther Blvd Mary Esther, Florida 32569",-86.65414229999999,30.4167859
Dillard's,"451 E Altamonte Dr Ste #1101 Altamonte Springs, Florida 32701",-81.3774043,28.6666123
Dillard's,"8001 S. Orange Blossom Trail Orlando, Florida 32809",-81.3953739,28.4460866
Dillard's,"1000 Oviedo Marketplace Blvd Oviedo, Florida 32765",-81.2364608,28.6617534
Dillard's,"300 Town Center Circle Sanford, Florida 32771",-81.337165,28.805987
Dillard's,"4414 S. W. College Rd Ocala, Florida 34474",-82.19243,29.1400065
Dillard's,"9403 West Colonial Dr. Ocoee, Florida 34761",-81.5158113,28.5543427
Dillard's,"3403 E. Colonial Dr. Orlando, Florida 32803",-81.341574,28.5534486
Dillard's,"2298 Martin Luther King Blvd Panama City, Florida 32405",-85.64836869999999,30.188227
Dillard's,"200 Pier Park Dr. Panama City Beach, Florida 32413",-85.871681,30.2213993
Dillard's,"5100 N 9th Ave. Pensacola, Florida 32504",-87.20896959999999,30.4749009
Dillard's,"1441 Tamiami Trail Port Charlotte, Florida 33948",-82.1470547,27.009081
Dillard's,"8017 Via Sardinia Way Estero, Florida 33928",-81.80774199999999,26.399776
Dillard's,"4125 Cleveland Ave Ft. Myers, Florida 33901",-81.8692164,26.6015082
Dillard's,"1798 Tamiami Trail North Naples, Florida 34102",-81.799027,26.1674349
Dillard's,"303 Brandon Town Center Mall Brandon, Florida 33511",-82.32678899999999,27.935128
Dillard's,"27001 Us Highway 19 N Clearwater, Florida 33761",-82.7326042,28.0165774
Dillard's,"9409 U.s. Highway 19 Port Richey, Florida 34668",-82.7125162,28.2937738
Dillard's,"6990 Tyrone Square St. Petersburg, Florida 33710",-82.73553199999999,27.793492
Dillard's,"2223 N Westshore Blvd Tampa, Florida 33607",-82.521205,27.9656353
Dillard's,"8161 Citrus Park Town Ctr Mall Tampa, Florida 33625",-82.57961499999999,28.0681883
Dillard's,"28335 Paseo Dr Wesley Chapel, Florida 33543",-82.346808,28.189374
Dillard's,"1500 Apalachee Parkway Tallahassee, Florida 32301",-84.25377189999999,30.4366613
Dillard's,"6200 20th Street Vero Beach, Florida 32966",-80.4601167,27.6421642
Dillard's,"10304 Forest Hill Blvd Wellington, Florida 33414",-80.210317,26.648209
Dillard's,"7000 North Point Circle Alpharetta, Georgia 30022",-84.2951971,34.047110000000004
Dillard's,"4500 Ashford Dunwoody Rd Atlanta, Georgia 30346",-84.3372636,33.9258176
Dillard's,"1371 Market Street Atlanta, Georgia 30363",-84.3949197,33.7922322
Dillard's,"3333 Buford Dr. Buford, Georgia 30519",-83.98398929999999,34.0646432
Dillard's,"6720 Douglas Blvd Douglasville, Georgia 30135",-84.7479889,33.72740280000001
Dillard's,"8000 Mall Parkway Lithonia, Georgia 30038",-84.0949768,33.6991036
Dillard's,"370 Newnan Crossing Bypass Newnan, Georgia 30265",-84.76516389999999,33.3882072
Dillard's,"3450 Wrightsboro Rd Augusta, Georgia 30909",-82.0788391,33.4635984
Dillard's,"2601 Dawson Rd Albany, Georgia 31707",-84.217011,31.6184484
Dillard's,"3247 Manchester Expressway Columbus, Georgia 31909",-84.9414589,32.5092605
Dillard's,"5080 Riverside Drive Macon, Georgia 31210",-83.7148485,32.9270846
Dillard's,"14025 Abercorn St Savannah, Georgia 31419",-81.169979,31.983262
Dillard's,"350 North Milwaukee Boise, Idaho 83704",-116.2786774,43.6082873
Dillard's,"2420 E 17th St Idaho Falls, Idaho 83404",-111.9862349,43.4792204
Dillard's,"3000 W. De Young Street Marion, Illinois 62959",-88.9799713,37.7490748
Dillard's,"4500 16th Street Moline, Illinois 61265",-90.5036538,41.466283
Dillard's,"275 St Clair Square Fairview Heights, Illinois 62208",-89.9786136,38.5965029
Dillard's,"800 N Green River Rd Evansville, Indiana 47715",-87.49567739999999,37.98433
Dillard's,"757 Lewis And Clark Parkway Clarksville, Indiana 47129",-85.7637748,38.3150272
Dillard's,"3801 National Rd. East #733 Richmond, Indiana 47374",-84.84512959999999,39.8298741
Dillard's,"1751 Madison Ave. Council Bluffs, Iowa 51503",-95.8233667,41.2459907
Dillard's,"1411 Coral Ridge Ave Coralville, Iowa 52241",-91.6072296,41.6907299
Dillard's,"320 W Kimberly Rd Davenport, Iowa 52806",-90.5776554,41.5608892
Dillard's,"2060 Crossroads Blvd Ste 300 Waterloo, Iowa 50702",-92.3213919,42.4611499
Dillard's,"101 Jordan Creek Pkwy West Des Moines, Iowa 50266",-93.8041654,41.5699285
Dillard's,"11601 West 95th Street Overland Park, Kansas 66214",-94.7202824,38.9564364
Dillard's,"102 Manhattan Town Center Manhattan, Kansas 66502",-96.55874539999999,39.1789871
Dillard's,"1791 Sw Wanamaker Road Topeka, Kansas 66604",-95.763947,39.033974
Dillard's,"7700 East Kellogg Wichita, Kansas 67207",-97.24741829999999,37.6826997
Dillard's,"4600 W Kellogg Wichita, Kansas 67209",-97.39994929999999,37.6778456
Dillard's,"2625 Scottsville Rd. Bowling Green, Kentucky 42104",-86.4282059,36.9493533
Dillard's,"2900 Town Center Blvd Crestview Hills, Kentucky 41017",-84.5765195,39.0249319
Dillard's,"3625 Nicholasville Rd Lexington, Kentucky 40503",-84.52859199999999,37.986113
Dillard's,"5000 Shelbyville Rd Louisville, Kentucky 40207",-85.6232509,38.2467204
Dillard's,"4801 Outer Loop Louisville, Kentucky 40219",-85.6704925,38.141353
Dillard's,"5101 Hinkleville Road Paducah, Kentucky 42001",-88.6891843,37.0799515
Dillard's,"3437 Masonic Drive Alexandria, Louisiana 71301",-92.4615783,31.2775323
Dillard's,"6601 Bluebonnet Baton Rouge, Louisiana 70836",-91.0899148,30.3891949
Dillard's,"9701 Cortana Mall Baton Rouge, Louisiana 70815",-91.094975,30.457197
Dillard's,"1401 West Esplanade Ave. Kenner, Louisiana 70065",-90.2493898,30.0160879
Dillard's,"1990 Hammond Square Drive Hammond, Louisiana 70403",-90.4589496,30.4805259
Dillard's,"5953 West Park Ave Suite #1000 Houma, Louisiana 70364",-90.7572172,29.6353603
Dillard's,"5725 Johnston Road Lafayette, Louisiana 70503",-92.0758293,30.1712239
Dillard's,"684 West Prien Lake Rd. Lake Charles, Louisiana 70601",-93.229725,30.19925
Dillard's,"4610 Millhaven Rd Monroe, Louisiana 71203",-92.06220499999999,32.4983676
Dillard's,"197 West Bank Expressway Gretna, Louisiana 70053",-90.03969029999999,29.9219601
Dillard's,"3301 Veterans Memorial Blvd Metairie, Louisiana 70002",-90.15740559999999,30.0064021
Dillard's,"940 Town Center Parkway Slidell, Louisiana 70458",-89.7624876,30.2667431
Dillard's,"2950 E Texas Ave Ste 670 Bossier City, Louisiana 71111",-93.70919789999999,32.5280684
Dillard's,"1133 St Vincent Ave Shreveport, Louisiana 71104",-93.7531623,32.4763819
Dillard's,"150 North Shore Blvd Slidell, Louisiana 70460",-89.8231473,30.3091972
Dillard's,"2600 Beach Blvd Ste 1 Biloxi, Mississippi 39531",-88.9898269,30.3922533
Dillard's,"1000 Turtle Creek Drive Hattiesburg, Mississippi 39402",-89.37548,31.3255103
Dillard's,"1200 County Line Rd. Ridgeland, Mississippi 39157",-90.12931760000001,32.4031233
Dillard's,"230 Town Center Loop Southaven, Mississippi 38671",-89.9937339,34.9539353
Dillard's,"1078 Bonita Lakes Circle Meridian, Mississippi 39301",-88.67366380000001,32.3594298
Dillard's,"3505 Pemberton Square Blvd Vicksburg, Mississippi 39180",-90.8839012,32.3087345
Dillard's,"2300 Bernadette Drive Columbia, Missouri 65203",-92.3755003,38.9639133
Dillard's,"3600 Country Club Drive Jefferson City, Missouri 65109",-92.2544051,38.5854713
Dillard's,"18805 East 39th Street Independence, Missouri 64057",-94.3581119,39.0443709
Dillard's,"7350 Nw 87th Terrace Kansas City, Missouri 64153",-94.6649078,39.2537661
Dillard's,"1105 St Louis Galleria St. Louis, Missouri 63117",-90.3468712,38.6373369
Dillard's,"220 South County Center St. Louis, Missouri 63129",-90.33182049999999,38.5053378
Dillard's,"2 Mid Rivers Mall Drive St. Peters, Missouri 63376",-90.61701169999999,38.7952224
Dillard's,"2825 S Glenstone Ave Ste 400 Springfield, Missouri 65804",-93.2650846,37.1606285
Dillard's,"3702 Frederick Ave St. Joseph, Missouri 64506",-94.80055709999999,39.7746288
Dillard's,"320 S. 24th St. West Billings, Montana 59102",-108.5773421,45.7632196
Dillard's,"2901 Brooks St Missoula, Montana 59801",-114.0285822,46.8450725
Dillard's,"3404 West 13th #100 Grand Island, Nebraska 68803",-98.3815073,40.9331873
Dillard's,"6100 O St Lincoln, Nebraska 68505",-96.6350068,40.8156596
Dillard's,"3030 Oakview Drive Omaha, Nebraska 68144",-96.13463,41.2293424
Dillard's,"1320 W. Sunset Rd. Henderson, Nevada 89014",-115.0441896,36.0669264
Dillard's,"3200 Las Vegas Blvd South Las Vegas, Nevada 89109",-115.1715003,36.1275236
Dillard's,"11011 Sage Park Drive Las Vegas, Nevada 89135",-115.3339305,36.1477395
Dillard's,"4200 Meadows Lane Las Vegas, Nevada 89107",-115.1971569,36.1713576
Dillard's,"13933 S. Virginia St. Reno, Nevada 89511",-119.7526788,39.4049405
Dillard's,"10000 Coors Bypass Albuquerque, New Mexico 87114",-106.6569471,35.1982569
Dillard's,"2100 Louisiana Blvd Ne Ste 155 Albuquerque, New Mexico 87110",-106.5650364,35.0997059
Dillard's,"2609 North Prince St Clovis, New Mexico 88101",-103.1939533,34.4240827
Dillard's,"4601 East Main St. Farmington, New Mexico 87402",-108.1506494,36.7626831
Dillard's,"700 S Telshor Blvd. Las Cruces, New Mexico 88011",-106.7431832,32.3106108
Dillard's,"4250 Cerrillos Road Santa Fe, New Mexico 87507",-106.0144071,35.6357532
Dillard's,"#3 South Tunnel Road Asheville, North Carolina 28805",-82.526029,35.5822695
Dillard's,"4400 Sharon Road Charlotte, North Carolina 28211",-80.8318968,35.1522311
Dillard's,"7535 Northlake Mall Dr Charlotte, North Carolina 28216",-80.853397,35.353114
Dillard's,"250 N. New Hope Road Gastonia, North Carolina 28054",-81.1490338,35.2642091
Dillard's,"11041 Carolina Place Pkwy Pineville, North Carolina 28134",-80.875811,35.080712
Dillard's,"800 Brevard Road Asheville, North Carolina 28806",-82.6034081,35.5292632
Dillard's,"921 Eastchester Dr Ste 1001 High Point, North Carolina 27262",-80.0065032,35.9907086
Dillard's,"150 Four Seasons Towne Center Greensboro, North Carolina 27407",-79.836486,36.03971689999999
Dillard's,"3320 Silas Creek Pkwy. #3500 Winston-salem, North Carolina 27103",-80.3016366,36.0682713
Dillard's,"1930 Us Highway 70 Se Hickory, North Carolina 28602",-81.3064024,35.703109
Dillard's,"1003 Boston Drive Burlington, North Carolina 27215",-79.5089078,36.0712997
Dillard's,"1105 Walnut Street Cary, North Carolina 27511",-78.76041219999999,35.7720009
Dillard's,"3501 Sumner Blvd Raleigh, North Carolina 27616",-78.578052,35.8655821
Dillard's,"3500 Oleander Drive Wilmington, North Carolina 28403",-77.9061001,34.2121692
Dillard's,"3265 W Market St Akron, Ohio 44333",-81.61755079999999,41.13395329999999
Dillard's,"4400 Belden Village Mall Canton, Ohio 44718",-81.4297859,40.857213
Dillard's,"7913 Montgomery Rd Cincinnati, Ohio 45236",-84.3760374,39.2030351
Dillard's,"7660 Blake Street Liberty Township, Ohio 45069",-84.37013759999999,39.3711446
Dillard's,"6290 Glenway Ave Cincinnati, Ohio 45211",-84.62420209999999,39.1477636
Dillard's,"26500 Cedar Road Beachwood, Ohio 44122",-81.4923548,41.4981802
Dillard's,"7850 Mentor Ave. Mentor, Ohio 44060",-81.36121399999999,41.6596057
Dillard's,"25188 Country Club Blvd North Olmsted, Ohio 44070",-81.906926,41.4151376
Dillard's,"16996 Southpark Center Strongsville, Ohio 44136",-81.819822,41.31237
Dillard's,"4615 Eastgate Blvd Cincinnati, Ohio 45245",-84.27902759999999,39.1046614
Dillard's,"5555 Youngstown-warren Road Niles, Ohio 44446",-80.74856059999999,41.2148534
Dillard's,"3100 Main Street Maumee, Ohio 43537",-83.70645429999999,41.54746799999999
Dillard's,"5001 Monroe St Toledo, Ohio 43623",-83.6405724,41.69479030000001
Dillard's,"7401 Market Street Boardman, Ohio 44512",-80.6587026,41.02115879999999
Dillard's,"200 Southwest C Avenue Lawton, Oklahoma 73501",-98.3923097,34.6036719
Dillard's,"4125 West Owen K Garriott Enid, Oklahoma 73703",-97.92923789999999,36.38864
Dillard's,"3499 West Main Norman, Oklahoma 73072",-97.491514,35.219212
Dillard's,"2501 West Memorial Rd Oklahoma City, Oklahoma 73134",-97.5604692,35.6124114
Dillard's,"1901 Nw Expressway Suite 1001 Oklahoma City, Oklahoma 73118",-97.544552,35.5250031
Dillard's,"4901 N. Kickapoo St. Shawnee, Oklahoma 74804",-96.92637789999999,35.386661
Dillard's,"2350 S E Washington Blvd Bartlesville, Oklahoma 74006",-95.9320448,36.7153344
Dillard's,"501 N Main Suite 74 Muskogee, Oklahoma 74401",-95.3690129,35.7530586
Dillard's,"4169 South Yale Tulsa, Oklahoma 74135",-95.921639,36.1031319
Dillard's,"6919 South Memorial Tulsa, Oklahoma 74133",-95.8857551,36.0638892
Dillard's,"2066 Sam Rittenberg Blvd. Charleston, South Carolina 29407",-80.03125969999999,32.7921265
Dillard's,"2150 Northwoods Blvd North Charleston, South Carolina 29406",-80.0447602,32.9447225
Dillard's,"100 Columbiana Circle Columbia, South Carolina 29212",-81.15648829999999,34.077884
Dillard's,"3101 N.main Suite D Anderson, South Carolina 29621",-82.6700192,34.5387306
Dillard's,"700 Haywood Road Greenville, South Carolina 29607",-82.3335819,34.84993
Dillard's,"205 W. Blackstock Road Spartanburg, South Carolina 29301",-81.9948426,34.9406328
Dillard's,"100 Coastal Grand Circle Myrtle Beach, South Carolina 29577",-78.926783,33.7012415
Dillard's,"2100 Hamilton Place Blvd. Chattanooga, Tennessee 37421",-85.1588584,35.0345539
Dillard's,"7600 Kingston Pike Knoxville, Tennessee 37919",-84.03827539999999,35.9241334
Dillard's,"4620 Merchants Park Cr Bldg C Collierville, Tennessee 38017",-89.7199658,35.0218072
Dillard's,"4433 Poplar Ave Memphis, Tennessee 38117",-89.91377260000002,35.1167249
Dillard's,"2700 N. Germantown Road Memphis, Tennessee 38133",-89.78885310000001,35.1991914
Dillard's,"2801 Wilma Rudolph Blvd Clarksville, Tennessee 37040",-87.287615,36.5883417
Dillard's,"1796 Galleria Blvd. Franklin, Tennessee 37067",-86.8126552,35.9565501
Dillard's,"1000 Rivergate Pkwy Goodlettsville, Tennessee 37072",-86.7008421,36.3052207
Dillard's,"1720 Old Fort Pkwy Murfreesboro, Tennessee 37129",-86.418213,35.8480302
Dillard's,"2140 Abbott Martin Rd Nashville, Tennessee 37215",-86.8175144,36.1070859
Dillard's,"2901 Capitol Of Texas Hwy Austin, Texas 78746",-97.8072249,30.2573622
Dillard's,"3211 Feathergrass Court Austin, Texas 78758",-97.72758230000001,30.3944245
Dillard's,"4000 Vista Ridge Bee Cave, Texas 78738",-97.9432618,30.3104564
Dillard's,"11200 Lakeline Mall Dr Cedar Park, Texas 78613",-97.80696499999999,30.4703854
Dillard's,"4310 Buffalo Gap Rd Abilene, Texas 79606",-99.76264069999999,32.4005931
Dillard's,"7701 W Interstate 40 Ste 300 Amarillo, Texas 79121",-101.9225689,35.1878247
Dillard's,"5955 Eastex Freeway Beaumont, Texas 77706",-94.1589889,30.1239222
Dillard's,"3100 Highway 365 Port Arthur, Texas 77642",-93.9894372,29.9474909
Dillard's,"2340 N. Expressway Brownsville, Texas 78526",-97.5042745,25.9556163
Dillard's,"2004 S. Expressway 83 Harlingen, Texas 78552",-97.7179525,26.1870316
Dillard's,"900 West Oaks Mall Houston, Texas 77082",-95.648094,29.730683
Dillard's,"3901 Irving Mall Irving, Texas 75062",-96.9991288,32.8386636
Dillard's,"5488 S. Padre Island Drive Corpus Christi, Texas 78411",-97.3724543,27.7110228
Dillard's,"309 West F. M. 1382 Cedar Hill, Texas 75104",-96.9447362,32.6027038
Dillard's,"8687 North Central Expressway Dallas, Texas 75225",-96.77351680000001,32.8685033
Dillard's,"121 E. Stacy Road Fairview, Texas 75069",-96.65490539999999,33.1320452
Dillard's,"2603 Preston Rd Frisco, Texas 75034",-96.80588420000001,33.1003417
Dillard's,"301 Horseshoe Drive Garland, Texas 75040",-96.6148949,32.9548156
Dillard's,"2401 S. Stemmons Freeway Lewisville, Texas 75067",-96.9717506,33.0022926
Dillard's,"5000 Town East Blvd. Mesquite, Texas 75150",-96.6272067,32.8102953
Dillard's,"2501 Dallas Parkway Plano, Texas 75093",-96.8306454,33.03304540000001
Dillard's,"8401 Gateway West El Paso, Texas 79925",-106.3586671,31.7950122
Dillard's,"750 Sunland Park Drive El Paso, Texas 79912",-106.5440443,31.8144216
Dillard's,"3821 South Cooper Arlington, Texas 76015",-97.13106900000001,32.6811409
Dillard's,"2201 S I-35 E Denton, Texas 76205",-97.10801219999999,33.1903274
Dillard's,"4850 Overton Ridge Blvd Fort Worth, Texas 76132",-97.39885749999999,32.6766098
Dillard's,"1101 Melbourne Road Hurst, Texas 76053",-97.2002438,32.8300589
Dillard's,"1700 Green Oaks Road Fort Worth, Texas 76116",-97.43668149999999,32.7424165
Dillard's,"1504 Harvey Blvd. College Station, Texas 77840",-96.3049704,30.6252361
Dillard's,"600 Baybrook Mall Friendswood, Texas 77546",-95.150273,29.543526
Dillard's,"7925 Fm 1960 West Houston, Texas 77070",-95.54751619999999,29.9585333
Dillard's,"900 Memorial City Houston, Texas 77024",-95.5394992,29.7823136
Dillard's,"4925 Westheimer Houston, Texas 77056",-95.4597861,29.7384477
Dillard's,"20131 Highway 59 North Humble, Texas 77338",-95.2702395,30.0094843
Dillard's,"100 Hwy 332 W Ste 1400 Lake Jackson, Texas 77566",-95.4591063,29.0505355
Dillard's,"11200 Broadway Bldg 50 Pearland, Texas 77584",-95.3968938,29.5527996
Dillard's,"16517 Sw Freeway Sugar Land, Texas 77479",-95.63318140000001,29.5908695
Dillard's,"1201 Lake Woodlands Dr Ste 400 The Woodlands, Texas 77380",-95.45321020000002,30.1645545
Dillard's,"5300 San Dario Avenue Laredo, Texas 78041",-99.5000931,27.5528119
Dillard's,"3500 Mccann Road Longview, Texas 75605",-94.7507162,32.5393303
Dillard's,"6002 Slide Road Lubbock, Texas 79414",-101.9256562,33.5394244
Dillard's,"2200 South Tenth St McAllen, Texas 78501",-98.2359957,26.1852761
Dillard's,"4511 N Midkiff Midland, Texas 79705",-102.1316508,32.0301564
Dillard's,"4101 E. 42nd St Suite 108 Odessa, Texas 79762",-102.3383341,31.8941728
Dillard's,"7400 San Pedro Suite 900 San Antonio, Texas 78216",-98.4927257,29.5188608
Dillard's,"15900 La Cantera Pkwy San Antonio, Texas 78256",-98.6147226,29.5933384
Dillard's,"6909 N. Fm 1604 East San Antonio, Texas 78247",-98.3507851,29.5976559
Dillard's,"6301 Nw Loop 410 Ste D San Antonio, Texas 78238",-98.6211222,29.46906539999999
Dillard's,"4001 Sunset Drive San Angelo, Texas 76904",-100.4979218,31.4277851
Dillard's,"4800 Texoma Parkway Suite 400 Sherman, Texas 75090",-96.5838442,33.6884376
Dillard's,"2100 South W S Young Drive Killeen, Texas 76543",-97.71770230000001,31.0923182
Dillard's,"3111 S 31st St Ste 6501 Temple, Texas 76502",-97.36549869999999,31.070614
Dillard's,"2400 Richmond Rd. Texarkana, Texas 75503",-94.0807274,33.4554963
Dillard's,"4601 S Broadway Avenue Tyler, Texas 75703",-95.30273609999999,32.2991781
Dillard's,"7800 Navarro Victoria, Texas 77904",-96.9944134,28.8679531
Dillard's,"6001 West Waco Drive Waco, Texas 76710",-97.1867714,31.5167286
Dillard's,"3111 Midwestern Pkwy Wichita Falls, Texas 76308",-98.53262289999999,33.8689615
Dillard's,"1201 N. Hill Field Rd Layton, Utah 84041",-111.9775455,41.0784332
Dillard's,"6191 S State St. Murray, Utah 84107",-111.8861342,40.63570199999999
Dillard's,"4000 Newgate Mall Ogden, Utah 84405",-111.9822212,41.1941548
Dillard's,"1200 South Towne Centre Blvd Provo, Utah 84601",-111.6605402,40.2178098
Dillard's,"1850 E. Red Cliffs Drive St. George, Utah 84790",-113.544053,37.1163982
Dillard's,"1401 Greenbrier Parkway Chesapeake, Virginia 23320",-76.227374,36.7796122
Dillard's,"12300 Jefferson Avenue Ste 300 Newport News, Virginia 23602",-76.4969177,37.11182530000001
Dillard's,"200 Monticello Ave Norfolk, Virginia 23510",-76.2897261,36.848187
Dillard's,"701 Lynnhaven Parkway Virginia Beach, Virginia 23452",-76.0723231,36.8162169
Dillard's,"11824 W Broad Street Richmond, Virginia 23233",-77.6167995,37.6555998
Dillard's,"9208 Stony Point Parkway Richmond, Virginia 23235",-77.573431,37.551937
Dillard's,"1400 Dell Range Blvd. Cheyenne, Wyoming 82009",-104.8050567,41.1622028
Store X,"301 Veterans Parkway  Normal, IL  61761-6121",-88.9579937,40.5072395
Store X,"6301 University Cedar Falls, IA  50613-5200",-92.4345587,42.5113335
Store X,"1350 Hickory Point Mall Forsyth, IL  62535-2002",-88.95873999999999,39.9177908
Store X,"1551 Valley West Drive West Des Moines, IA  50266-1112",-93.7484287,41.5996406
Store X,"4500 16th Street Moline, IL 61265-7078",-90.5036538,41.466283
Store X,"320 West Kimberly Rd. Davenport, IA 52806-5961",-90.5776554,41.5608892
Store X,"115 Iowa River Landing Place Coralville, IA  52241",-91.5618832,41.6839446
Store X,"4444 1st Avenue NE Cedar Rapids, IA 52402-3215",-91.6281611,42.0253468
Store X,"145 Yorktown      Lombard, IL  60148-5507",-88.0060207,41.840271
Store X,"10010 California Street Omaha, NE 68114-2309",-96.067431,41.265605
Store X,"6020 East 82nd Street Indianapolis, IN 46250-4746",-86.06538619999999,39.9092285
Store X,"1251 US 31 North Greenwood, IN 46142-4503",-86.1202905,39.631905
Store X,"2900 Pine Lake Road Lincoln, NE 68516-6013",-96.6797177,40.7416397
Store X,"400 Prairie Center Drive   Eden Prairie, MN  55344-5382",-93.42245799999999,44.854324
Store X,"4202 West Jefferson Blvd. Fort Wayne, IN  46804-6880",-85.1966178,41.0711904
Store X,"3810 East Main Street St. Charles, IL  60174-2467",-88.269172,41.922799
Store X,"7700 East Kellogg Drive Wichita, KS  67207-1772",-97.24741829999999,37.6826997
Store X,"1960 Tower Drive    Glenview, IL  60026-7801",-87.8255628,42.0900951
Store X,"300 Briarwood Circle   Ann Arbor, MI  48108-1606",-83.74734699999999,42.23884
Store X,"37500 Six Mile Road Livonia, MI  48152-3905",-83.4166187,42.4134976
Store X,"7900 Shelbyville Road   Louisville, KY  40222-5451",-85.60991659999999,38.2470462
Store X,"1530 Polaris Parkway Columbus, OH  43240-2042",-82.98010790000001,40.1452493
Store X,"6701 West 135th Street Overland Park, KS  66223-7897",-94.663201,38.882193
Store X,"100 Magnolia Lane Beavercreek, OH  45440-1370",-84.09953809999999,39.6931989
Store X,"2 Fountain Grass Drive Lake St. Louis, MO  63367-4101",-90.78833809999999,38.7821898
Store X,"4000 North Point Circle Alpharetta, GA  30022-4860",-84.2966508,34.0468655
Store X,"4400 Ashford Dunwoody Road Atlanta, GA 30346",-84.3408457,33.9237698
Store X,"300 Eastview Mall Victor, NY  14564",-77.44488799999999,43.027789
Store X,"2400 Riverchase Galleria Hoover, AL  35244",-86.8102971,33.3787626
Store X,"2501 W. Memorial Road Oklahoma City, OK 73134",-97.5604692,35.6124114
Store X,"3333 Buford Drive Buford, GA  30519",-83.98398929999999,34.0646432
Store X,"20111 Lord Street Brookfield, WI 53045",-88.1636202,43.0335775
Store Y,101 Bellevue Square Bellevue WA 98004,-122.2041691,47.6165721
Store Y,"4502 S. Steele Street, Suite 800 Tacoma WA 98409",-122.4675636,47.2149124
Store Y,701 S.W. Broadway Portland OR 97205,-122.6803131,45.519155
Store Y,"6191 S. State Street, Suite 200 Murray UT 84107",-111.8861342,40.63570199999999
Store Y,8465 Park Meadows Center Drive Lone Tree CO 80124,-104.8749283,39.5616325
Store Y,21 W. Flatiron Crossing Drive Denver CO 80021,-105.1331788,39.9329303
Store Y,2810 E. 1st Avenue Denver CO 80206,-104.9556462,39.7167694
Store Y,55 S.W. Temple Salt Lake City UT 84101,-111.8932414,40.7683752
Store Y,10 Oak Brook Center Chicago IL 60523,-87.9530206,41.8504228
Store Y,1000 N.W. Court Bloomington MN 55425,-93.2442962,44.8560554
Store Y,11143 W. 95th Street Overland Park KS 66214,-94.7184947,38.952353
Store Y,100 The Shops at Mission Viejo Mission Viejo CA 92691,-117.6705533,33.5564567
Store Y,800 Spectrum Center Drive Irvine CA 92618,-117.7427271,33.6484984
Store Y,6997 Friars Road San Diego CA 92108,-117.1680872,32.7688962
Store Y,7055 E. Camelback Road Scottsdale AZ 85251,-111.9291509,33.5017764
Store Y,3199 W. Chandler Boulevard Chandler AZ 85226,-111.9004215,33.3027928
Store Y,1200 Broadway Plaza Walnut Creek CA 94596,-122.0582731,37.8971443
Store Y,550 Stanford Shopping Center Palo Alto CA 94304,-122.1732386,37.4391159
Store Y,1651 Arden Way Sacramento CA 95815,-121.4267803,38.6022574
Store Y,1600 Stoneridge Mall Road Pleasanton CA 94588,-121.9283858,37.6959141
Store Y,1131 Galleria Boulevard Roseville CA 95678,-121.2686342,38.7717514
Store Y,8075 Tysons Corner Center McLean VA 22102,-77.22220519999999,38.9167911
Store Y,1400 S. Hayes Street Arlington VA 22202,-77.0610633,38.8621875
Store Y,700 Fairmount Avenue Towson MD 21286,-76.59747300000001,39.403648
Store Y,301 Cumberland Street Norfork VA 23510,-76.2862195,36.8484571
Store Y,10300 Little Patuxent Parkway Columbia MD 21044,-76.86128409999999,39.2143903
Store Y,5220 Alpha Road Dallas TX 75240,-96.8199023,32.9326077
Store Y,1101 Melbourne Road Hurst TX 76053,-97.2002438,32.8300589
Store Y,8687 N. Central Expressway Houston TX 75225,-96.773513,32.868502
Store Y,5192 Hidalgo Street Houston TX 77056,-95.4641839,29.7359134
Store Y,2901 Capital of Texas Hwy S Austin TX 78746,-97.8072249,30.2573622
Store Y,15900 La Cantera Parkway San Antonio TX 78256,-98.6147226,29.5933384
Store Y,3111 Palm Way Austin TX 78758,-97.7204545,30.4023635
Store Y,1201 Lake Woodlands Drive Woodslands TX 77380,-95.455843,30.1639767
Store Y,4400 Sharon Road Charlotte NC 28211,-80.8318968,35.1522311
Store Y,"6910 Fayetteville Road, Suite 500 Durham NC 27713",-78.9431242,35.904029800000004
Store Y,2130 Abbott Martin Road Nashville TN 37215,-86.8165145,36.106531
Store Y,4390 Ashford Dunwoody Road NE Atlanta GA 30346,-84.340706,33.92398490000001
Store Y,3500 Peachtree Road NE Atlanta GA 30326,-84.36225560000001,33.85280350000001
Store Y,NA NA NA NA,-87.64605,41.8345012
