Color Code,Color Name
15-5209,AQUA HAZE
17-4735,CAPRI BREEZE
19-4535,OCEAN DEPTHS
15-4225,ALASKAN BLUE
19-3952,SURF THE WEB
19-4010,TOTAL ECLIPSE
17-4412,SMOKE BLUE
14-4506,ETHER
14-0452,LIME GREEN
15-6340,IRISH GREEN
19-6026,VERDANT GREEN
19-5320,PONDEROSA PINE
19-4818,MALLARD GREEN
16-5924,WINTER GREEN
16-6030,KATYDID
13-0640,ACACIA
12-0643,BLAZING YELLOW
13-0758,DANDELION
14-0755,SULPHUR
13-0850,ASPEN GOLD
12-0825,POPCORN
15-0960,MANGO MOJITO
15-1062,GOLD FUSION
14-1159,ZINNIA
17-1145,AUTUMN MAPLE
15-1145,CHAMOIS
14-1324,PEACH BUD
19-1757,BARBADOS CHERRY
17-1547,EMBERGLOW
18-1662,FLAME SCARLET
19-1525,PORT
18-1540,CINNABAR
16-1435,CARNELIAN
17-2230,CARMINE ROSE
17-2036,MAGENTA
15-3620,LAVENDULA
19-3722,MULBERRY PURPLE
19-1624,SASSAFRAS
17-1505,QUAIL
12-0605,ANGORA
16-0928,CURRY
17-1128,BONE BROWN
18-0950,CATHAY SPICE
18-1160,SUDAN BROWN
18-1148,CARAMEL CAFE
17-1340,ADOBE
16-0806,GOAT
17-1410,PINE BARK
19-1121,PINECONE
19-1016,JAVA
19-1241,TORTOISE SHELL
11-1302,SEA SALT
14-1314,SPANISH VILLA
16-1219,TUSCANY
18-1048,MONK'S ROBE
18-0940,GOLDEN BROWN
18-0312,DEEP LICHEN GREEN
19-0413,DEEP DEPTHS
18-0622,OLIVE DRAB
17-0620,ALOE
19-0618,BEECH
18-0108,DILL
16-0220,MISTLETOE
15-1306,OXFORD TAN
17-1312,SILVER MINK
17-0909,FOSSIL
19-3900,PAVEMENT
18-0403,DARK GULL GRAY
18-5102,BRUSHED NICKEL
16-0000,PALOMA
19-3907,FORGED IRON
11-0601,BRIGHT WHITE
14-4105,MICRO CHIP
16-5101,WET WEATHER
18-4016,DECEMBER SKY
18-3907,TORNADO
18-1018,OTTER
16-1010,INCENSE
17-1558,GRENADINE
16-1462,GOLDEN POPPY
19-0516,DARK OLIVE
18-1110,BRINDLE
18-0527,OLIVE BRANCH
18-0513,BUNGEE CORD
19-0608,BLACK OLIVE
19-4110,MIDNIGHT NAVY
16-5110,WET WEATHER
BLACK,BLACK
